{
  "services": [
    {
      "id": 1,
      "name": "Classic Manicure",
      "description": "Traditional nail care with polish application",
      "price": 35.00,
      "active": true,
      "categories": ["manicures", "polish-services"]
    },
    {
      "id": 2,
      "name": "Gel Manicure",
      "description": "Long-lasting gel polish application",
      "price": 45.00,
      "active": true,
      "categories": ["manicures", "gel-services", "polish-services"]
    },
    {
      "id": 3,
      "name": "Spa Pedicure",
      "description": "Relaxing foot care with massage",
      "price": 55.00,
      "active": true,
      "categories": ["pedicures", "spa-services"]
    },
    {
      "id": 4,
      "name": "Acrylic Full Set",
      "description": "Full set of acrylic nail extensions",
      "price": 65.00,
      "active": true,
      "categories": ["acrylic-services", "extensions"]
    },
    {
      "id": 5,
      "name": "Gel Extensions",
      "description": "Full set gel nail extensions",
      "price": 85.00,
      "active": true,
      "categories": ["gel-services", "extensions"]
    },
    {
      "id": 6,
      "name": "Nail Art Design",
      "description": "Custom nail art and designs",
      "price": 25.00,
      "active": true,
      "categories": ["nail-art", "add-ons"]
    },
    {
      "id": 7,
      "name": "Gel Polish",
      "description": "Gel polish application add-on",
      "price": 20.00,
      "active": true,
      "categories": ["gel-services", "polish-services", "add-ons"]
    },
    {
      "id": 8,
      "name": "Hand Massage",
      "description": "Relaxing hand massage treatment",
      "price": 15.00,
      "active": true,
      "categories": ["spa-services", "add-ons"]
    },
    {
      "id": 9,
      "name": "French Manicure",
      "description": "Classic French tip manicure with white tips",
      "price": 40.00,
      "active": true,
      "categories": ["manicures", "polish-services"]
    },
    {
      "id": 10,
      "name": "Acrylic Fill",
      "description": "Acrylic nail fill and maintenance",
      "price": 45.00,
      "active": true,
      "categories": ["acrylic-services"]
    },
    {
      "id": 11,
      "name": "Gel Fill",
      "description": "Gel nail fill and maintenance",
      "price": 50.00,
      "active": true,
      "categories": ["gel-services"]
    },
    {
      "id": 12,
      "name": "Classic Pedicure",
      "description": "Basic pedicure with polish",
      "price": 40.00,
      "active": true,
      "categories": ["pedicures", "polish-services"]
    },
    {
      "id": 13,
      "name": "Gel Pedicure",
      "description": "Long-lasting gel polish pedicure",
      "price": 50.00,
      "active": true,
      "categories": ["pedicures", "gel-services", "polish-services"]
    },
    {
      "id": 14,
      "name": "Nail Repair",
      "description": "Fix broken or damaged nails",
      "price": 15.00,
      "active": true,
      "categories": ["nail-repair"]
    },
    {
      "id": 15,
      "name": "Nail Strengthening Treatment",
      "description": "Strengthening treatment for weak nails",
      "price": 25.00,
      "active": true,
      "categories": ["nail-repair", "special-treatments"]
    },
    {
      "id": 16,
      "name": "Acrylic Removal",
      "description": "Professional acrylic nail removal",
      "price": 20.00,
      "active": true,
      "categories": ["removal-services"]
    },
    {
      "id": 17,
      "name": "Gel Removal",
      "description": "Professional gel polish removal",
      "price": 15.00,
      "active": true,
      "categories": ["removal-services"]
    },
    {
      "id": 18,
      "name": "Dip Powder Removal",
      "description": "Professional dip powder removal",
      "price": 18.00,
      "active": true,
      "categories": ["removal-services"]
    },
    {
      "id": 19,
      "name": "Paraffin Wax Treatment",
      "description": "Moisturizing paraffin wax hand treatment",
      "price": 20.00,
      "active": true,
      "categories": ["spa-services", "special-treatments", "add-ons"]
    },
    {
      "id": 20,
      "name": "Foot Wax Treatment",
      "description": "Moisturizing paraffin wax foot treatment",
      "price": 25.00,
      "active": true,
      "categories": ["spa-services", "special-treatments", "add-ons"]
    },
    {
      "id": 21,
      "name": "Eyebrow Waxing",
      "description": "Professional eyebrow shaping and waxing",
      "price": 25.00,
      "active": true,
      "categories": ["waxing-services"]
    },
    {
      "id": 22,
      "name": "Upper Lip Waxing",
      "description": "Upper lip hair removal",
      "price": 15.00,
      "active": true,
      "categories": ["waxing-services"]
    },
    {
      "id": 23,
      "name": "Chin Waxing",
      "description": "Chin hair removal",
      "price": 18.00,
      "active": true,
      "categories": ["waxing-services"]
    },
    {
      "id": 24,
      "name": "Full Face Waxing",
      "description": "Complete facial hair removal",
      "price": 55.00,
      "active": true,
      "categories": ["waxing-services"]
    },
    {
      "id": 25,
      "name": "Dip Powder Manicure",
      "description": "Long-lasting dip powder manicure",
      "price": 50.00,
      "active": true,
      "categories": ["manicures", "polish-services"]
    },
    {
      "id": 26,
      "name": "Dip Powder Pedicure",
      "description": "Long-lasting dip powder pedicure",
      "price": 60.00,
      "active": true,
      "categories": ["pedicures", "polish-services"]
    },
    {
      "id": 27,
      "name": "Acrylic Overlay",
      "description": "Acrylic overlay on natural nails",
      "price": 50.00,
      "active": true,
      "categories": ["acrylic-services"]
    },
    {
      "id": 28,
      "name": "Gel Overlay",
      "description": "Gel overlay on natural nails",
      "price": 55.00,
      "active": true,
      "categories": ["gel-services"]
    },
    {
      "id": 29,
      "name": "Nail Art Accent",
      "description": "Single nail art accent design",
      "price": 5.00,
      "active": true,
      "categories": ["nail-art", "add-ons"]
    },
    {
      "id": 30,
      "name": "3D Nail Art",
      "description": "Three-dimensional nail art designs",
      "price": 35.00,
      "active": true,
      "categories": ["nail-art", "add-ons"]
    },
    {
      "id": 31,
      "name": "Nail Wraps",
      "description": "Custom nail wrap application",
      "price": 30.00,
      "active": true,
      "categories": ["nail-art", "add-ons"]
    },
    {
      "id": 32,
      "name": "Cuticle Treatment",
      "description": "Professional cuticle care and treatment",
      "price": 10.00,
      "active": true,
      "categories": ["add-ons", "special-treatments"]
    },
    {
      "id": 33,
      "name": "Hot Stone Massage",
      "description": "Relaxing hot stone hand and arm massage",
      "price": 30.00,
      "active": true,
      "categories": ["spa-services", "special-treatments", "add-ons"]
    },
    {
      "id": 34,
      "name": "Foot Massage",
      "description": "Relaxing foot and leg massage",
      "price": 25.00,
      "active": true,
      "categories": ["spa-services", "add-ons"]
    },
    {
      "id": 35,
      "name": "Nail Buffing",
      "description": "Professional nail buffing and shine",
      "price": 8.00,
      "active": true,
      "categories": ["add-ons"]
    },
    {
      "id": 36,
      "name": "Nail Shaping",
      "description": "Professional nail shaping service",
      "price": 10.00,
      "active": true,
      "categories": ["add-ons"]
    }
  ]
}
