{
  "categories": {
    "acrylic-services": "Acrylic Services",
    "add-ons": "Add-Ons",
    "extensions": "Extensions",
    "gel-services": "Gel Services",
    "manicures": "Manicures",
    "nail-art": "Nail Art",
    "nail-repair": "Nail Repair",
    "pedicures": "Pedicures",
    "polish-services": "Polish Services",
    "removal-services": "Removal Services",
    "spa-services": "Spa Services",
    "special-treatments": "Special Treatments",
    "waxing-services": "Waxing Services"
  }
}

